word_one	word_two	surprisal_w_two
hirsch	 apfel	14.972772121429443
tasse	 Löffel	15.708441734313965
Hocker	 sofa	6.355882167816162
spitzer	 Heft	15.300110340118408
trampolin	 Katze	14.932682991027832
hantel	 schläger	17.937543869018555
Hammer	 Bohne	16.855146408081055
Katze	 ziege	17.46421241760254
Triangel	 Orgel	17.360612392425537
Heft	 lineal	11.790608406066895
erdbeere	 seil	13.16294240951538
heft	 zange	14.046620845794678
Klavier	 Ball	11.761567115783691
sessel	 kommode	18.61552667617798
kleid	 hose	7.196138381958008
Seßel	 hirsch	15.397830486297607
Flöte	 Birne	16.415468215942383
topf	 Ananas	12.539860725402832
Fernseher	 drucker	14.589330196380615
Pullover	 schuh	15.958502769470215
Geige	 Geige	16.796146869659424
ball	 Hantel	13.522714932759603
delphin	 delphin	17.79962158203125
fahrrad	 muehle	20.633244514465332
Kleid	 Fabrik	15.888802528381348
flöte	 Flöte	16.781084060668945
computer	 huette	14.626064777374268
ameise	 sofa	5.150749683380127
Muehle	 Bett	8.393108367919922
meßer	 schuessel	19.096984545389812
tisch	 tisch	10.807801723480225
Computer	 Hütte	21.06439272562663
Stift	 Radierer	15.284598668416342
Trommel	 Flöte	16.957884470621746
pfanne	 Pfanne	18.198987007141113
traktor	 Sieb	14.99267053604126
pullover	 Pullover	20.670875549316406
traube	 traube	21.944839477539062
Mühle	 fabrik	16.565320014953613
computer	 handy	11.99697494506836
Schläger	 Ball	8.324296951293945
Meßer	 Schueßel	15.471749305725098
banane	 banane	14.108737468719482
Boot	 Traktor	16.619496663411457
sieb	 taße	14.248114585876465
schuessel	 pfanne	17.124709606170654
Teller	 auge	14.297290802001953
schüßel	 hantel	13.062017122904459
gitarre	 fuss	16.22734832763672
Boot	 boot	4.716876983642578
Brokkoli	 brokkoli	19.244021733601887
flöte	 Floete	16.396727085113525
schläger	 wolf	8.712915420532227
Kommode	 bein	16.93134880065918
Kiwi	 Birne	17.62668800354004
Huette	 Hütte	18.58181095123291
kegel	 Kegel	17.91324742635091
Kirche	 Sessel	16.443279266357422
stuhl	 Bus	16.06444549560547
apfel	 apfel	15.714592456817627
laster	 flieger	12.651873270670572
floete	 Flöte	14.506675084431967
Loeffel	 löffel	15.392396926879883
schuessel	 Schueßel	18.010908842086792
Robbe	 robbe	11.975881576538086
Nagel	 hammer	8.46689510345459
Schaf	 Fahrrad	16.211782773335774
Bauch	 fuss	13.245781898498535
Orange	 Hammer	9.13588809967041
bagger	 bagger	11.948087215423584
Bagger	 orange	8.71127700805664
gurke	 Erbse	14.235571225484213
Orange	 Orange	4.937521934509277
schwein	 glas	11.800171852111816
roller	 fernseher	15.146788597106934
orgel	 Gitarre	16.56195863087972
Sessel	 Kommode	17.919469356536865
finger	 Knie	17.654111862182617
topf	 Meßer	13.785196304321289
Kiwi	 Tisch	13.758041381835938
nagel	 ziege	13.886501789093018
Delphin	 meßer	12.632226943969727
taße	 Taße	14.047115325927734
Triangel	 ameise	20.09767468770345
Tasse	 Loeffel	16.544167200724285
Traktor	 sieb	15.434460163116455
roller	 bus	12.167450904846191
apfel	 Apfel	17.217711448669434
Fernseher	 Fernseher	16.212292353312176
Schüßel	 Hantel	14.542123476664225
Kartoffel	 Schlaeger	24.016026814778645
schueßel	 pfanne	18.27940845489502
Finger	 Traktor	16.674333572387695
Lampe	 Hocker	16.636204719543457
boot	 Boot	8.03903579711914
Schueßel	 pfanne	17.739974975585938
ziege	 ziege	15.307432174682617
ohr	 ohr	10.173177242279053
trompete	 Kiwi	10.774489402770996
Stuhl	 stuhl	15.982849597930908
hammer	 Hammer	6.118643283843994
knie	 robbe	13.175344944000244
tomate	 Tomate	15.32723093032837
Ziege	 Ziege	13.581537882486979
fernseher	 Fernseher	17.047466278076172
katze	 Katze	15.527129650115967
handy	 Radio	9.74176025390625
teller	 Glas	9.253357887268066
hut	 Pullover	15.979459762573242
fernseher	 drucker	15.069236278533936
löffel	 löffel	15.632002194722494
trampolin	 seil	11.43049430847168
gabel	 Kaninchen	13.194657961527506
Orgel	 orgel	16.335604667663574
Spitzer	 Heft	15.064050674438477
Apfel	 Apfel	16.42783498764038
gitarre	 tuba	18.163536071777344
Schüßel	 Schüßel	15.14307951927185
schuessel	 hantel	14.19955571492513
Hut	 tuba	12.461439609527588
schüßel	 pfanne	18.39037847518921
Löffel	 Löffel	16.858234405517578
Schuessel	 schüßel	13.47075891494751
trompete	 Trompete	21.190252939860027
Messer	 Stuhl	13.864844799041748
fabrik	 Schuessel	21.235283533732098
spitzer	 hose	8.317854881286621
boot	 Traktor	15.600595792134603
Kiwi	 kiwi	12.873459815979004
Apfel	 Telefon	9.417248725891113
Mühle	 bett	15.890037536621094
Karotte	 Schuh	16.05810832977295
messer	 Schüssel	20.678759892781574
Traube	 Saege	11.47058359781901
hantel	 Hantel	16.469746589660645
seil	 Seil	14.747658729553223
schueßel	 schüssel	17.490867614746094
tuba	 tuba	15.226488590240479
Ball	 Ball	3.0358355045318604
schüßel	 schüssel	18.215817133585613
Hose	 bluse	13.77029800415039
Wolf	 Wolf	2.455937385559082
Schlaeger	 Ball	10.666670799255371
radio	 Hut	10.380711555480957
traube	 Säge	13.39889907836914
teller	 Auge	14.458235263824463
seßel	 Sessel	14.71287727355957
Sieb	 finger	9.804729461669922
loeffel	 teller	11.539388656616211
Finger	 finger	5.073172092437744
messer	 schueßel	17.439773321151733
gabel	 kaninchen	13.057140668233236
mühle	 Mühle	16.470860799153645
Computer	 handy	14.03184986114502
schaf	 kaninchen	15.915743509928385
ziege	 Ziege	13.812966664632162
Sessel	 kommode	17.189128398895264
Arm	 Mund	15.350968360900879
fabrik	 fabrik	14.226197719573975
Computer	 huette	15.366284847259521
Tuba	 geige	17.428805351257324
Saege	 säge	12.004812240600586
banane	 Apfel	16.21850824356079
Ameise	 Schwein	18.177557945251465
Schuessel	 Schueßel	15.870891094207764
Schlaeger	 Schläger	15.942766507466635
pfanne	 Gabel	15.513807773590088
kegel	 Trampolin	16.295411745707195
seil	 Kegel	14.533247311909994
Fabrik	 Schueßel	18.638076305389404
topf	 ananas	12.301577091217041
tisch	 bett	16.553407669067383
kartoffel	 schläger	18.51027838389079
trommel	 Trommel	22.13917636871338
schlaeger	 schläger	16.331529935201008
Tomate	 Zug	12.469895362854004
Löffel	 löffel	16.866220156351726
Bus	 bus	4.122017860412598
fuß	 Fuss	14.216944217681885
burg	 Huette	15.294329166412354
Schule	 burg	11.8850679397583
wolf	 wolf	1.9514460563659668
Sessel	 seßel	15.145961125691732
Pilz	 pilz	15.975159645080566
Delphin	 delphin	16.600489616394043
Geige	 geige	14.554574489593506
fabrik	 Fabrik	17.410066604614258
auge	 Finger	11.569693565368652
gitarre	 Tuba	13.658802032470703
Schläger	 Wolf	8.575631141662598
Taße	 löffel	17.041255315144856
zange	 schraube	21.12130133310954
sofa	 sofa	4.826489448547363
Telefon	 delphin	14.815343379974365
Triangel	 Triangel	15.529818534851074
Gitarre	 Tuba	14.250750541687012
teller	 auge	14.493421077728271
schueßel	 hantel	13.265499114990234
Loeffel	 Löffel	16.453179677327473
Traktor	 Sieb	16.542885303497314
fabrik	 kirche	19.249479293823242
Burg	 hütte	18.391446749369305
Bohne	 Bohne	17.333964824676514
knie	 knie	13.787264347076416
auge	 nagel	13.742307662963867
erdbeere	 kirsche	20.587524096171062
Floete	 Birne	17.551695823669434
gurke	 gurke	13.269400596618652
orange	 Orange	7.649317741394043
Schueßel	 schueßel	14.937135934829712
Messer	 schueßel	17.25268244743347
sofa	 Sofa	6.313715934753418
radierer	 löffel	16.937872886657715
Wolf	 Kirche	17.60166025161743
Schlaeger	 Wolf	9.356023788452148
laster	 Tasse	13.317715167999268
Apfel	 kiwi	15.844381332397461
schueßel	 Hantel	13.682217597961426
Bett	 Sessel	15.891404628753662
Säge	 Saege	12.043187777201334
handy	 laster	10.014645099639893
ohr	 arm	10.149540901184082
Knie	 knie	14.607581615447998
radierer	 Locher	11.271324634552002
Hose	 hose	4.44636869430542
Drucker	 Drucker	17.63591718673706
Zange	 Zange	16.790637493133545
Bohrer	 zange	14.346096992492676
Löffel	 Handy	9.786994934082031
hantel	 schlaeger	22.67864926656087
Fernseher	 fernseher	16.994116465250652
Huette	 Schrank	16.211913585662842
erbse	 tomate	17.08652687072754
Schüßel	 schüßel	14.341733574867249
Gitarre	 gitarre	16.540656407674152
sofa	 lampe	19.18246030807495
stift	 Paprika	16.65769386291504
saege	 Säge	14.487624168395996
Glas	 orgel	16.93717908859253
schwein	 schwein	16.183246612548828
Trommel	 Floete	14.28386640548706
Saege	 Gitarre	14.41964340209961
bett	 Klavier	18.034817695617676
ananas	 Heft	12.62380313873291
Schwein	 katze	12.09458589553833
burg	 hütte	18.119937896728516
Zange	 ohr	11.308696746826172
flöte	 floete	17.302961826324463
wolf	 schaf	14.202063083648682
Handy	 laster	12.924592018127441
Delphin	 Messer	11.412730693817139
Teller	 Auge	14.583209037780762
schraube	 Bluse	13.691077709197998
schüssel	 Schüssel	19.651499430338543
schuh	 Schuh	19.052051544189453
kartoffel	 Schläger	17.21087106068929
Harfe	 Trompete	19.45196596781413
Schraube	 Bohrer	20.626460075378418
huette	 Hütte	17.698134740193684
Löffel	 Teller	15.330123901367188
stift	 paprika	16.65189552307129
orange	 hammer	8.009801864624023
Bagger	 Laster	14.58272933959961
tasse	 Pullover	16.720101833343506
Mühle	 Muehle	16.048399289449055
Sessel	 Hirsch	14.023233890533447
ananas	 banane	13.16765546798706
tasse	 Tasse	14.365962028503418
mund	 mund	4.115753650665283
trommel	 Floete	14.49281120300293
knie	 Knie	17.698360443115234
hütte	 hütte	17.49164326985677
Pfanne	 Gabel	14.893120765686035
Tasse	 Pullover	17.731006622314453
Fahrrad	 mühle	15.186620394388834
Harfe	 harfe	10.829277753829956
Traube	 orange	9.409045219421387
kirche	 Mühle	14.835275967915853
regal	 schwein	16.301198323567707
Säge	 säge	13.514384746551514
Loeffel	 handy	10.326577186584473
Säge	 nagel	17.17285919189453
Gurke	 Erbse	14.52396011352539
wolf	 kirche	19.864478588104248
kegel	 kegel	14.67216968536377
pilz	 Bohne	18.43062734603882
bauch	 locher	16.54465389251709
Hose	 Hose	4.270165920257568
locher	 Locher	12.848745822906494
taße	 tasse	12.712310314178467
lineal	 spitzer	13.93796443939209
taße	 Tasse	13.6721510887146
bohrer	 Bohrer	22.60456657409668
Bein	 bein	12.59674072265625
birne	 Birne	16.881710052490234
schüßel	 Schüßel	15.49388599395752
ziege	 Robbe	10.455377101898193
traube	 Orange	9.031886100769043
kartoffel	 Gurke	12.900952816009521
Fernseher	 tomate	9.36072850227356
Fahrrad	 Muehle	17.101526260375977
Hantel	 schläger	19.86572488149007
Seil	 zwiebel	16.39313252766927
loeffel	 loeffel	15.764569282531738
Zwiebel	 pilz	14.40652847290039
floete	 birne	16.443203926086426
Roller	 Roller	8.923544883728027
burg	 Kegel	16.086160977681477
Fuss	 zitrone	19.14006741841634
Traube	 säge	13.437418460845947
Hut	 hut	0.8796470761299133
Ameise	 Sofa	7.746207237243652
Karotte	 zwiebel	17.206988016764324
seßel	 Hirsch	13.613603591918945
Meßer	 meßer	11.73535943031311
computer	 Handy	11.914958000183105
fabrik	 schueßel	18.39289426803589
delphin	 Wolf	8.03258228302002
telefon	 Telefon	6.246464252471924
erbse	 mund	16.46306037902832
Katze	 Lampe	15.31820011138916
Gabel	 Kaninchen	13.046412467956543
Birne	 ananas	13.22444200515747
schuessel	 Hantel	14.514988899230957
apfel	 telefon	10.522610664367676
Ball	 Hantel	15.06948471069336
Mund	 Mund	12.01904582977295
Sieb	 taße	12.806408405303955
hut	 pullover	15.761385917663574
Mund	 Nase	13.817344665527344
Ananas	 banane	15.205028533935547
Robbe	 Schule	17.851475715637207
schuessel	 Schuessel	24.113186518351238
Bauch	 Fuss	13.517606258392334
Flöte	 Floete	15.279549598693848
hammer	 saege	14.115073521931967
sieb	 Finger	10.351591110229492
gitarre	 gitarre	16.986295382181805
hocker	 Geige	15.54881477355957
ball	 Ball	5.079578399658203
hirsch	 hirsch	14.385309219360352
bein	 bein	11.832170009613037
Taße	 tasse	12.948853015899658
topf	 Topf	15.509387969970703
Banane	 auto	11.49660873413086
Tasse	 Löffel	15.794511159261068
hirsch	 delphin	16.242489337921143
Gitarre	 Gitarre	16.10212167104085
Klavier	 ball	11.120631217956543
Radierer	 löffel	17.71509838104248
topf	 messer	11.212093830108643
kommode	 kommode	17.60291290283203
schraube	 schraube	21.779263178507488
Schueßel	 Schuessel	19.981674830118816
fuß	 fuss	8.786604881286621
saege	 nagel	14.270946502685547
Mund	 nase	12.818540096282959
katze	 ziege	16.398334980010986
Lineal	 Lineal	11.99175500869751
roller	 roller	9.591903686523438
erbse	 erbse	19.849341869354248
Schüssel	 schueßel	14.434507608413696
bein	 pfanne	16.231043338775635
Kommode	 kommode	15.831080913543701
Bauch	 Fuß	6.227618217468262
fahrrad	 Roller	11.858739852905273
Schuessel	 Schuessel	20.801754633585613
bagger	 Bagger	16.766806602478027
bauch	 Fuss	12.94352102279663
Fuß	 Fuss	15.225205421447754
robbe	 robbe	17.44628620147705
Zange	 Ohr	12.648565769195557
Topf	 Messer	12.274506568908691
Sofa	 Triangel	15.77288007736206
bauch	 Locher	11.202013492584229
mühle	 mühle	14.540797233581543
Schläger	 Schläger	18.9595947265625
geige	 triangel	14.030951976776123
Kartoffel	 gurke	13.432866732279459
kartoffel	 Schlaeger	21.202211380004883
schuessel	 schueßel	14.949065208435059
Klavier	 trommel	16.187139987945557
Löffel	 loeffel	15.820881207784018
Pfanne	 banane	15.497736930847168
hocker	 geige	16.425325393676758
locher	 Trampolin	15.697521845499674
Laster	 Taße	13.682980060577393
Bus	 Zug	10.651762962341309
Ameise	 schwein	19.5724671681722
schule	 Teller	16.18808126449585
Paprika	 Paprika	17.74162530899048
fabrik	 Schüßel	17.074882745742798
Orange	 orange	4.205842018127441
Nagel	 Nagel	15.22032880783081
Radio	 radio	3.3895392417907715
Schwein	 schwein	16.829015096028645
traube	 Saege	10.756719271341959
Arm	 mund	17.75508689880371
Schüßel	 Schüssel	18.162995020548504
Ohr	 Kommode	17.827848434448242
floete	 Birne	17.386856079101562
Gurke	 erbse	18.260918140411377
drucker	 brokkoli	16.624282519022625
mühle	 fabrik	14.834907054901123
ameise	 Schwein	16.911386013031006
Messer	 schüßel	16.253801822662354
schüssel	 Schüßel	14.139726638793945
tomate	 zug	9.075557708740234
Tisch	 Bett	9.172897338867188
topf	 Messer	12.110864639282227
Hirsch	 Hirsch	15.80689525604248
zug	 Arm	10.646706581115723
Delphin	 Meßer	15.568512439727783
Tasse	 tasse	12.657987594604492
regal	 Regal	19.07423496246338
fernseher	 fernseher	16.76447327931722
fuß	 Fuß	3.348297595977783
Katze	 Ziege	12.728017489115397
computer	 computer	3.7843756675720215
Kiwi	 Kiwi	14.271841049194336
Computer	 hütte	18.165725390116375
Flöte	 Flöte	16.75223668416341
Muehle	 Mühle	12.632182757059732
Drucker	 drucker	13.261121273040771
Hantel	 schaf	15.079168319702148
Trompete	 klavier	16.482576847076416
Fabrik	 fabrik	13.607846736907959
Schule	 Burg	12.096874237060547
Sessel	 Sessel	15.395246028900146
Fuss	 fuß	10.92457914352417
Säge	 Nagel	16.21425485610962
nase	 Nase	13.852160453796387
Arm	 arm	5.469759941101074
tisch	 Bett	7.672914505004883
Schraube	 bluse	12.81334400177002
ziege	 robbe	12.60221815109253
Schüßel	 pfanne	18.09652328491211
kirche	 kirche	18.00334358215332
Kegel	 kegel	13.239110946655273
taße	 Löffel	15.70291805267334
bohne	 Paprika	14.732538223266602
seßel	 seßel	15.015326182047525
karotte	 Karotte	20.416372299194336
Computer	 Handy	13.487249374389648
Zitrone	 Zitrone	19.21690273284912
Zug	 Auto	9.820425033569336
Laster	 Tasse	14.813276767730713
spitzer	 heft	14.624926090240479
Radierer	 Locher	11.427247047424316
Radierer	 Radierer	14.489028930664062
harfe	 spitzer	18.3149676322937
handy	 handy	3.81950306892395
Geige	 Triangel	15.136878490447998
Hirsch	 Delphin	16.383100986480713
Kirsche	 birne	16.04988145828247
meßer	 messer	11.79871940612793
schwein	 Schwein	17.55992031097412
Klavier	 Trommel	16.250190258026123
spitzer	 Hose	9.072324752807617
Triangel	 triangel	12.706379413604736
brokkoli	 brokkoli	19.030101140340168
Kirche	 muehle	19.403324127197266
Radierer	 Löffel	17.17898941040039
Tasse	 taße	12.48089599609375
Löffel	 Loeffel	18.224374135335285
schuessel	 Schüßel	16.876879453659058
Tomate	 zug	9.660775184631348
loeffel	 Teller	14.610791206359863
messer	 schüssel	20.415024439493816
kirche	 sessel	21.13634204864502
seßel	 kommode	15.804739475250244
Regal	 Regal	16.00295400619507
sessel	 hirsch	14.193852424621582
Bett	 Seßel	17.023590405782063
gurke	 Floete	13.875062465667725
Handy	 radio	12.451618194580078
lampe	 Knie	18.179026126861572
Lampe	 Knie	19.051979064941406
trompete	 kiwi	12.107768535614014
Floete	 Flöte	14.417503356933594
Auto	 Fahrrad	16.93260955810547
Fabrik	 kirche	19.292649269104004
auge	 auge	13.131566524505615
hammer	 säge	12.764029502868652
Tisch	 tisch	12.196737289428711
schuh	 traube	19.04799747467041
trommel	 flöte	14.528531710306803
bett	 Sessel	14.879395961761475
Saege	 Säge	13.606725215911865
nagel	 Hammer	7.642669677734375
Lineal	 lineal	10.815666198730469
schüßel	 Schüssel	19.060503005981445
Sieb	 Taße	14.964019298553467
Loeffel	 loeffel	15.182470321655273
Birne	 Birne	15.136125087738037
sofa	 Lampe	15.89800214767456
muehle	 mühle	14.739203770955404
Hocker	 Hocker	17.18291425704956
meßer	 schüssel	16.925571123758953
Bett	 Klavier	18.935521125793457
fabrik	 schuessel	19.917131423950195
schüssel	 schuessel	19.822168668111164
Karotte	 karotte	18.759429931640625
Locher	 Stift	14.134153366088867
bohrer	 bohrer	15.303068478902182
hut	 tuba	12.004667043685913
Kirsche	 kirsche	17.385470072428387
Schrank	 regal	19.82603931427002
kaninchen	 topf	11.515053272247314
trommel	 drucker	14.744258403778076
Sieb	 tasse	12.557042598724365
saege	 gitarre	13.7726043065389
Säge	 Gitarre	19.056392669677734
Tisch	 Kleid	14.698710441589355
heft	 lineal	12.249530792236328
Heft	 Heft	15.648292541503906
Lampe	 Lampe	15.8209867477417
löffel	 loeffel	16.07057825724284
tomate	 Brokkoli	17.01971371968587
Schüßel	 schuessel	19.472184499104817
Muehle	 Fabrik	15.833479881286621
huette	 schrank	16.885992527008057
Bett	 klavier	15.386279582977295
Flieger	 boot	11.669944763183594
Nase	 gabel	13.57128620147705
handy	 radio	9.269277572631836
Schuh	 Hut	8.714167594909668
Auto	 auto	5.466637134552002
Trompete	 Trompete	19.48050816853841
flöte	 Harfe	17.32161283493042
tasse	 Taße	9.961146116256714
fabrik	 schüssel	19.597721735636394
boot	 Karotte	15.52342700958252
Säge	 Säge	14.18034315109253
Banane	 Auto	9.976445198059082
traube	 Traube	22.825940132141113
schraube	 bluse	13.02107572555542
Messer	 Schüssel	20.73348108927409
gabel	 Gabel	17.27317762374878
Schaf	 Schaf	15.33135986328125
Taße	 pullover	15.128108501434326
roller	 Roller	10.617592811584473
schüssel	 schueßel	14.796164751052856
Hantel	 hantel	15.449512163798014
Traube	 traube	18.054729461669922
ananas	 ananas	12.23279857635498
schaf	 Schaf	15.44808578491211
computer	 Huette	14.610283374786377
schuh	 hut	10.092846870422363
saege	 Saege	14.514992078145346
Lampe	 hocker	15.452293872833252
schlaeger	 wolf	8.209603309631348
Fabrik	 Schüßel	17.893633604049683
kartoffel	 gurke	13.759346644083658
Bein	 Pfanne	17.671507358551025
Mühle	 Fabrik	16.616486072540283
kiwi	 Tisch	11.596999645233154
flieger	 boot	10.956317901611328
Tomate	 brokkoli	20.130793889363606
Messer	 Messer	14.134746074676514
Huette	 huette	15.177368640899658
Meßer	 Schüßel	13.314139246940613
Bein	 pfanne	17.56168556213379
Burg	 burg	4.901583194732666
radierer	 loeffel	17.11407693227132
Gurke	 Floete	17.020667552947998
Fuss	 fuss	0.8954976797103882
Seßel	 kommode	16.368452072143555
Telefon	 Telefon	2.566434621810913
Fuß	 zitrone	18.812618573506672
kartoffel	 schlaeger	23.47497812906901
Messer	 messer	14.648576736450195
bus	 Bus	8.382062911987305
Nase	 nase	12.479979515075684
Kleid	 Hose	6.525928020477295
Trampolin	 Seil	13.287554740905762
kiwi	 Kiwi	15.775629043579102
Ameise	 ameise	20.643718401590984
handy	 Handy	10.022978782653809
klavier	 trommel	15.867939472198486
Bluse	 bluse	14.234384536743164
Robbe	 Ameise	17.638886133829754
Trampolin	 Katze	15.064099311828613
harfe	 harfe	16.43117094039917
hocker	 sofa	3.779703378677368
fahrrad	 roller	10.555118560791016
Schueßel	 schüssel	17.07067108154297
Tuba	 kirsche	15.18824545542399
Fabrik	 Schuessel	20.462937037150066
Mühle	 mühle	12.995098431905111
messer	 messer	14.251230239868164
paprika	 Karotte	18.16170310974121
Traktor	 Bagger	16.778983116149902
Bus	 trompete	17.702582677205402
karotte	 Zwiebel	17.30678590138753
Schuessel	 schueßel	13.639409065246582
sessel	 Hirsch	15.421291828155518
Harfe	 spitzer	19.88927173614502
nase	 bein	11.7428297996521
Schüßel	 schüssel	18.196950912475586
Roller	 fernseher	15.087533950805664
zug	 Zug	5.133822441101074
bluse	 Erbse	15.122609456380209
Computer	 Computer	5.4650187492370605
zitrone	 erdbeere	20.35719108581543
schlaeger	 Ball	9.657801628112793
drucker	 Drucker	17.102817058563232
Spitzer	 hose	9.074272155761719
kirsche	 kirsche	18.30106035868327
Kaninchen	 hirsch	16.175003051757812
nagel	 Nagel	17.052926063537598
Hut	 Pullover	16.29785680770874
banane	 Banane	14.737497329711914
kirsche	 boot	9.721109390258789
arm	 mund	17.3022403717041
kleid	 kleid	15.957234382629395
heft	 Zange	13.925148487091064
boot	 traktor	15.267348925272623
Saege	 Saege	11.909215609232584
Locher	 Locher	11.036177396774292
schläger	 Schläger	19.57930024464925
radierer	 Loeffel	17.715872764587402
zange	 Schraube	20.799657185872395
erbse	 Erbse	19.048086166381836
messer	 Meßer	14.73845624923706
Kommode	 Kommode	16.260745525360107
radio	 Computer	9.465278625488281
tasse	 pullover	15.013145923614502
schraube	 Bohrer	18.476879596710205
Fahrrad	 Fahrrad	16.86802323659261
sessel	 sessel	15.838726043701172
hantel	 Schaf	14.122512817382812
heft	 Lineal	12.024968147277832
Messer	 schüssel	19.506083806355793
Birne	 Ananas	14.766733646392822
Sieb	 Sieb	14.478452205657959
hirsch	 Hirsch	17.641621589660645
bein	 Bein	14.654885292053223
traube	 orange	8.84385871887207
Heft	 zange	14.268048286437988
Schaf	 fahrrad	16.251214027404785
wolf	 Schaf	13.469640254974365
Schuessel	 Schüssel	19.222322463989258
bett	 Bett	3.218045473098755
Fuss	 Auge	16.464561462402344
Schuessel	 hantel	13.36953067779541
schrank	 Bagger	16.25629997253418
schläger	 Schlaeger	22.95320765177409
banane	 Auto	11.517739295959473
delphin	 meßer	14.632411479949951
Sofa	 Lampe	17.662141799926758
Flieger	 Erdbeere	13.255145072937012
Messer	 Schüßel	18.295700073242188
Kirche	 Kirche	17.648845672607422
Trompete	 trompete	17.773887634277344
Telefon	 Delphin	14.990323066711426
tuba	 Tuba	16.8157696723938
Delphin	 messer	11.817349910736084
stuhl	 stuhl	14.68753957748413
gurke	 erbse	17.9282546043396
laster	 laster	12.034938335418701
harfe	 Harfe	18.03939723968506
glas	 sieb	15.290468692779541
Nase	 Bein	12.556566715240479
Bohne	 paprika	16.292359828948975
Kirche	 sessel	16.54502582550049
Orange	 hammer	11.122234344482422
Bluse	 Kleid	17.93445110321045
harfe	 Spitzer	16.09831428527832
Hammer	 Säge	14.32939624786377
Meßer	 Schüssel	18.144654591878254
säge	 Saege	12.785170555114746
Sofa	 Sofa	5.975852012634277
Schlaeger	 ball	12.791229248046875
Auge	 nagel	16.43962049484253
mund	 Nase	12.689440250396729
fabrik	 Schüssel	19.768651326497395
Seßel	 Hirsch	15.96302080154419
kirsche	 Traube	19.505545139312744
radierer	 locher	14.354227066040039
Teller	 glas	11.183636665344238
Tomate	 Brokkoli	18.130883534749348
Fuss	 Zitrone	19.13412570953369
handy	 Laster	13.380476474761963
Schaf	 kaninchen	14.389422734578451
hose	 Bluse	13.551957607269287
Sessel	 sessel	15.174778461456299
Katze	 Katze	13.19683027267456
Erdbeere	 erdbeere	17.037123680114746
sessel	 Sessel	15.575469970703125
bett	 klavier	16.056386470794678
Kegel	 Hocker	16.54546880722046
Muehle	 bett	16.22005605697632
delphin	 wolf	8.692205429077148
hirsch	 Delphin	15.875854969024658
schuessel	 schuessel	19.7213773727417
Tasse	 loeffel	15.044514973958334
Fahrrad	 Roller	11.149535179138184
Gurke	 gurke	10.996934572855631
Stuhl	 bus	13.361929893493652
Spitzer	 Spitzer	19.518662452697754
Kartoffel	 Gurke	12.045462608337402
tomate	 Zug	11.077363014221191
Fahrrad	 roller	10.991328239440918
drucker	 Telefon	9.496201515197754
meßer	 Schüssel	17.994733174641926
schwein	 Katze	12.169519901275635
orange	 zitrone	19.476937929789226
orgel	 Orgel	20.16793727874756
Brokkoli	 Kartoffel	23.109180450439453
trampolin	 katze	15.966332912445068
locher	 Stift	13.85017442703247
Ziege	 Robbe	11.34368085861206
Meßer	 messer	12.416109085083008
schüssel	 Schueßel	15.678316831588745
schaf	 Fahrrad	16.744654337565105
schuh	 schuh	17.118606567382812
erdbeere	 Kirsche	16.71836980183919
pilz	 Burg	10.903730392456055
Harfe	 Spitzer	18.156572341918945
Hocker	 Geige	16.144432067871094
erbse	 Mund	14.949747085571289
Tuba	 tuba	15.195419788360596
Bohne	 bohne	18.937036514282227
Banane	 Banane	15.093931674957275
Laster	 Flieger	14.51601473490397
Hose	 Bohrer	16.867555141448975
Trampolin	 seil	10.002058506011963
bohne	 radierer	12.681895891825357
Zitrone	 zitrone	18.08165740966797
meßer	 Schüßel	13.696346044540405
mühle	 Fabrik	15.810787677764893
Hirsch	 hirsch	12.657304286956787
Erdbeere	 Seil	15.319559097290039
Schraube	 schraube	21.194528579711914
stift	 Radierer	14.036238034566244
katze	 katze	13.517170906066895
Schuh	 Traube	17.49659299850464
Schuh	 Schuh	17.13094997406006
Kartoffel	 Schläger	18.832447687784832
loeffel	 handy	10.062270164489746
ziege	 stift	13.782447338104248
Burg	 Burg	7.755382537841797
Fuß	 fuss	6.790043354034424
löffel	 Teller	13.557031631469727
kegel	 trampolin	15.448280652364096
Nagel	 ziege	15.235642910003662
kleid	 Kleid	16.489336490631104
schrank	 schrank	15.553284168243408
Sieb	 Finger	10.143269538879395
delphin	 Meßer	13.387083053588867
Zwiebel	 Pilz	12.430005073547363
Stuhl	 Bus	13.742610931396484
Brokkoli	 Brokkoli	19.27933692932129
Meßer	 Schuessel	20.20331064860026
seßel	 hirsch	13.523944854736328
fabrik	 Schueßel	18.68721628189087
hocker	 Hocker	16.832542896270752
Hütte	 hütte	16.8243834177653
lampe	 Lampe	17.980194091796875
teller	 teller	12.52409553527832
Kommode	 Stuhl	15.065431118011475
traktor	 Bagger	15.722391128540039
säge	 Säge	14.5366849899292
Schwein	 glas	12.601763248443604
Trompete	 Klavier	18.51948642730713
Burg	 huette	15.58138132095337
Hammer	 Hammer	4.0250749588012695
Pfanne	 Pfanne	17.523824214935303
säge	 säge	13.756414413452148
Klavier	 Klavier	21.77092933654785
Spitzer	 Hose	8.68600845336914
Hantel	 Hantel	15.231098175048828
Kaninchen	 kaninchen	15.269433975219727
lineal	 kartoffel	16.931865374247234
Finger	 Finger	5.036139011383057
mund	 nase	12.541446208953857
schrank	 regal	21.633760452270508
auto	 Auto	12.680215835571289
robbe	 ameise	18.896469434102375
Ziege	 stift	18.98042106628418
trommel	 Drucker	13.984934329986572
Paprika	 regal	16.200547695159912
Lineal	 Spitzer	16.387859344482422
Schrank	 bagger	10.870496273040771
Kegel	 Trampolin	18.848796526590984
fuß	 fuß	12.080065727233887
Gitarre	 tuba	17.84200382232666
ameise	 Ameise	20.62475077311198
kommode	 bein	17.45370101928711
Tasse	 Tasse	15.547284126281738
hocker	 Sofa	6.899923324584961
kiwi	 tisch	12.068466186523438
birne	 birne	13.02340841293335
löffel	 teller	12.198622226715088
Bohne	 Radierer	12.08186944325765
schaf	 schaf	16.152173042297363
apfel	 Kiwi	13.69992208480835
brokkoli	 schraube	23.02854601542155
ball	 ball	2.9133827686309814
Glas	 sieb	14.610360145568848
Sieb	 Tasse	14.299973964691162
Roller	 Bus	12.355443000793457
pilz	 bohne	18.246264457702637
triangel	 Ameise	19.07963689168294
Ball	 hantel	14.37979539235433
Floete	 Harfe	14.667199611663818
hütte	 Schule	18.68411350250244
birne	 roller	9.60699462890625
kirche	 Seßel	20.038766225179035
regal	 regal	15.277209758758545
Hut	 pullover	17.486306190490723
zwiebel	 flieger	13.521018346150717
meßer	 schueßel	13.721402406692505
sessel	 seßel	15.40616512298584
Zwiebel	 Flieger	15.889911651611328
schueßel	 Schueßel	17.4249165058136
drucker	 Brokkoli	16.04120635986328
Traktor	 traktor	13.563093821207682
Taße	 Pullover	17.26123809814453
geige	 bauch	14.315101146697998
tuba	 Kirsche	14.137293815612793
Bein	 Bein	12.4313063621521
Orange	 Zitrone	20.08038107554118
Bauch	 fuß	14.088759422302246
Ziege	 ziege	13.882292747497559
Delphin	 Delphin	16.642873287200928
saege	 Gitarre	14.368596394856771
bett	 Seßel	18.02449893951416
klarinette	 Gitarre	17.217803955078125
Meßer	 Stuhl	14.777425765991211
Ohr	 Ohr	18.06910228729248
gurke	 Flöte	16.281021118164062
Spitzer	 heft	13.727724552154541
Schüssel	 Schuessel	19.585357983907063
Radio	 computer	10.834705352783203
meßer	 schüßel	12.223703265190125
Sessel	 hirsch	13.534250736236572
säge	 Gitarre	18.403275807698567
Brokkoli	 schraube	23.410444259643555
bluse	 bluse	17.079442501068115
hammer	 hammer	4.3505940437316895
Schuh	 hut	8.376175880432129
kleid	 Fabrik	15.086369037628174
harfe	 trompete	17.05876922607422
Ball	 harfe	12.42940068244934
locher	 stift	14.157058715820312
Säge	 saege	17.49733606974284
Bohne	 Paprika	15.146320343017578
Erbse	 Mund	11.36867904663086
Bohrer	 nase	12.94727611541748
Robbe	 Robbe	12.485115051269531
Topf	 messer	12.154060363769531
ananas	 heft	11.000540018081665
Spitzer	 spitzer	16.12962579727173
Loeffel	 teller	12.61859655380249
Taße	 Tasse	13.814558029174805
pfanne	 pfanne	17.426359176635742
paprika	 Regal	14.55580759048462
pfanne	 banane	17.814551830291748
Gitarre	 fuß	17.651347637176514
kleid	 Hose	4.504147529602051
Kiwi	 birne	18.220867156982422
Pullover	 pullover	20.59921932220459
Teller	 Teller	16.401968479156494
brokkoli	 Brokkoli	20.15096918741862
triangel	 Orgel	17.227285385131836
fuss	 auge	14.281980991363525
bus	 trompete	17.9391663869222
Traktor	 bagger	13.174729824066162
fuss	 Zitrone	18.304469108581543
brokkoli	 Schraube	21.334475835164387
Roller	 bus	12.23953914642334
fabrik	 Kirche	17.735599517822266
muehle	 Mühle	15.454975128173828
Glas	 glas	11.442674160003662
Kommode	 stuhl	15.714634418487549
saege	 saege	19.97969659169515
birne	 ananas	13.033825874328613
Schläger	 schlaeger	22.301747639973957
Sessel	 Seßel	16.595468203226726
Hocker	 hocker	15.115734100341797
Schüssel	 hantel	14.737508138020834
paprika	 karotte	20.924012184143066
laster	 tasse	13.75094747543335
Mühle	 muehle	18.583698272705078
geige	 Bauch	12.474456310272217
Orgel	 Gitarre	17.18392054239909
Topf	 Ananas	13.511584281921387
Hirsch	 apfel	16.316668033599854
schläger	 schläger	16.666558583577473
finger	 knie	15.467852115631104
loeffel	 Löffel	17.855791727701824
katze	 Lampe	14.998815059661865
Kirsche	 Kirsche	17.89679495493571
burg	 Burg	7.913572788238525
tisch	 kleid	18.48952293395996
meßer	 Meßer	15.061038970947266
orgel	 orgel	16.80522918701172
Schüssel	 Schüßel	13.0211923122406
Flieger	 flieger	16.584810892740887
Radierer	 loeffel	16.941562334696453
huette	 hütte	17.460575421651203
Finger	 Knie	17.905930519104004
radio	 radio	2.089071035385132
Schrank	 Bagger	16.26549196243286
Saege	 gitarre	14.198226610819498
zitrone	 radio	9.751723289489746
Mühle	 Bett	10.14554214477539
Erbse	 tomate	17.245724201202393
Fuß	 Fuß	1.8836522102355957
schrank	 bagger	11.426117897033691
Kleid	 Kleid	16.090397834777832
Robbe	 ameise	19.387006123860676
Fabrik	 schüßel	16.82000160217285
gitarre	 Gitarre	17.17794195810954
Trampolin	 trampolin	15.695393244425455
topf	 meßer	12.167864322662354
ameise	 Sofa	6.931508541107178
auge	 Auge	14.038347244262695
computer	 Computer	8.648141860961914
glas	 Glas	8.436981201171875
kegel	 hocker	15.860483646392822
glas	 glas	10.72025203704834
radierer	 radierer	13.939654350280762
katze	 Ziege	12.610178629557291
trampolin	 trampolin	15.877150853474935
Flöte	 harfe	12.5175461769104
hocker	 hocker	15.323558807373047
Regal	 schrank	14.041500091552734
Ball	 Harfe	14.00934886932373
Hütte	 schule	16.099173545837402
orgel	 pilz	13.330777645111084
kommode	 stuhl	15.04296875
mühle	 Muehle	16.62223021189372
Auge	 Nagel	15.99363660812378
orange	 Zitrone	18.96413739522298
kiwi	 birne	17.12461566925049
Pfanne	 pfanne	16.7277774810791
lineal	 Spitzer	15.306703567504883
Tomate	 tomate	16.09838342666626
gitarre	 Fuß	10.697880744934082
trompete	 klavier	16.436977863311768
Hantel	 Schlaeger	22.869055430094402
Bett	 seßel	14.767598152160645
Roller	 Fernseher	14.311654090881348
Schueßel	 Schüßel	14.147223711013794
flöte	 harfe	13.48901629447937
kartoffel	 kartoffel	16.871822039286297
paprika	 paprika	15.850303649902344
Schueßel	 schüßel	12.925397396087646
Schrank	 Schrank	15.559983730316162
Schüssel	 schuessel	20.71662712097168
ball	 Harfe	13.56257152557373
schüßel	 schuessel	20.019542694091797
Regal	 Schrank	15.277549743652344
Säge	 gitarre	19.41034475962321
Zitrone	 Erdbeere	17.281993865966797
Flieger	 Flieger	16.450789133707683
Loeffel	 Loeffel	18.16824722290039
messer	 Schüßel	18.68572449684143
Fuß	 Zitrone	19.81794198354085
ameise	 schwein	18.901114145914715
Tuba	 Geige	17.05847692489624
Kaninchen	 Topf	14.952377319335938
Burg	 Huette	19.027761936187744
meßer	 stuhl	16.102808475494385
Telefon	 Fernseher	17.627167065938313
Nagel	 Hammer	7.335630416870117
kirche	 muehle	21.44741439819336
Katze	 lampe	17.390174865722656
finger	 traktor	14.982850074768066
Kleid	 kleid	16.149662494659424
glas	 orgel	13.284138202667236
wolf	 Kirche	13.662578582763672
taße	 löffel	15.532750447591146
mund	 Lineal	11.361964225769043
tuba	 geige	17.1922345161438
pilz	 burg	12.321224212646484
laster	 Laster	13.823143005371094
Kommode	 Bein	17.712108612060547
pullover	 Computer	9.976576805114746
Schraube	 Bluse	13.784098148345947
hose	 bohrer	13.182819048563639
schueßel	 schueßel	14.109210968017578
schläger	 Ball	6.951566696166992
bluse	 erbse	16.56765127182007
Kartoffel	 schläger	20.074594179789226
hantel	 schaf	13.755248546600342
flieger	 flieger	16.483017285664875
Zug	 auto	9.703598022460938
Topf	 Meßer	14.355114936828613
Gabel	 kaninchen	12.39436960220337
fabrik	 schüßel	16.82013726234436
bein	 ohr	12.31554126739502
Bluse	 Bluse	16.995559692382812
Kiwi	 tisch	13.443853855133057
bluse	 Kleid	16.546974182128906
Hantel	 Schaf	14.840653896331787
brokkoli	 Kartoffel	23.54746691385905
Schüßel	 Schuessel	20.314419428507488
bett	 sessel	18.08961582183838
orgel	 Pilz	14.351511478424072
Trommel	 Trommel	19.41455364227295
auge	 Nagel	13.966235637664795
Fahrrad	 fahrrad	15.017598867416382
Kirche	 Muehle	17.4821720123291
Seßel	 sessel	17.32264804840088
Schüssel	 Pfanne	17.285253524780273
Gurke	 flöte	15.842369079589844
schlaeger	 Schlaeger	24.184138615926106
Glas	 Orgel	22.162485122680664
apfel	 Telefon	9.876326560974121
gabel	 gabel	14.890989780426025
messer	 stuhl	15.35508680343628
bus	 Zug	5.723209857940674
schaf	 fahrrad	15.742860555648804
Roller	 roller	7.85870885848999
kirche	 mühle	13.708855311075846
gitarre	 Fuss	15.353822231292725
Flöte	 flöte	13.915852228800455
bohne	 bohne	19.576592445373535
kaninchen	 hirsch	15.82455587387085
Kirsche	 traube	19.85991668701172
fernseher	 tomate	9.391703128814697
Fuss	 Fuß	4.774833679199219
Klavier	 klavier	17.848893642425537
Regal	 schwein	16.57974847157796
trompete	 trompete	18.352575302124023
Messer	 schuessel	20.169113159179688
sieb	 Tasse	13.530276775360107
sieb	 finger	9.248485565185547
meßer	 meßer	17.73024892807007
Knie	 bauch	13.197834491729736
bus	 bus	1.7162163257598877
Boot	 Boot	3.5704751014709473
Banane	 Apfel	15.15086841583252
schueßel	 schüßel	12.96535313129425
Bluse	 kleid	18.355186462402344
Handy	 Handy	5.906866073608398
muehle	 muehle	20.757206916809082
Gurke	 floete	16.05384922027588
Heft	 Zange	14.884146690368652
bohne	 Bohne	19.850099563598633
telefon	 delphin	14.915534973144531
schuessel	 Schüssel	22.05264663696289
delphin	 Delphin	18.161731719970703
löffel	 Loeffel	18.493207931518555
schaf	 Kaninchen	14.535311063130697
Trampolin	 Trampolin	18.30365498860677
Hammer	 säge	12.496313095092773
taße	 taße	14.74252986907959
knie	 Robbe	10.776329517364502
Teller	 teller	13.993391036987305
klavier	 Trommel	16.024820804595947
Finger	 traktor	14.356795310974121
Ziege	 robbe	11.45947790145874
zitrone	 Erdbeere	17.261921564737957
Flieger	 Boot	11.13276481628418
Locher	 trampolin	16.40169843037923
Schaf	 Kaninchen	15.201507886250814
Radierer	 Loeffel	18.31849416097005
boot	 boot	2.960057020187378
Messer	 stuhl	16.819462299346924
muehle	 Muehle	17.451525688171387
Schwein	 Katze	13.53093433380127
huette	 Schrank	15.754957675933838
schueßel	 schuessel	19.091495513916016
kirsche	 Boot	10.413143157958984
Seil	 Seil	13.57204008102417
Hammer	 Saege	11.01701800028483
muehle	 fabrik	15.328377723693848
Bett	 Bett	3.7539539337158203
Tomate	 Tomate	14.700592517852783
hose	 hose	4.680631160736084
Erbse	 Erbse	17.979239145914715
Zitrone	 radio	11.269783973693848
gurke	 flöte	15.810819625854492
telefon	 fernseher	19.44642702738444
schläger	 Wolf	8.16550350189209
ananas	 Banane	13.02271556854248
drucker	 drucker	14.19780969619751
schwein	 katze	13.006471633911133
Hocker	 Sofa	7.1515116691589355
pullover	 computer	9.188407897949219
erdbeere	 Erdbeere	16.875450134277344
Apfel	 Kiwi	15.716804027557373
Tisch	 bett	16.044360637664795
schrank	 Schrank	18.29619789123535
Robbe	 schule	15.761857509613037
hantel	 Schläger	16.403109550476074
Karotte	 Karotte	19.431859493255615
Erdbeere	 seil	13.660701274871826
messer	 schüßel	17.860650539398193
Nagel	 nagel	15.58432912826538
loeffel	 Loeffel	19.62312189737956
Arm	 gurke	10.616947491963705
orange	 orange	3.5577220916748047
Zwiebel	 flieger	14.334900856018066
finger	 Traktor	15.755725542704264
Knie	 Knie	16.976693630218506
schueßel	 Pfanne	17.3673152923584
apfel	 kiwi	15.820326328277588
Geige	 bauch	15.026894092559814
auto	 auto	6.263011932373047
Topf	 meßer	12.28540325164795
erdbeere	 erdbeere	20.342256863911945
pilz	 pilz	16.76788854598999
klarinette	 gitarre	15.737764994303385
huette	 huette	16.873403549194336
Pfanne	 gabel	13.487567901611328
hose	 Hose	6.582095623016357
hammer	 Bohne	16.336899757385254
schueßel	 Schüßel	14.64814031124115
fernseher	 Drucker	15.13395071029663
Teller	 Glas	9.18576717376709
Kirsche	 Birne	17.431911945343018
radio	 Radio	7.818556785583496
Hut	 Tuba	13.574321269989014
nagel	 nagel	15.638788223266602
Messer	 Schueßel	17.006181716918945
Kartoffel	 kartoffel	17.448291142781574
Fahrrad	 muehle	20.210588455200195
seil	 zwiebel	15.613357226053873
Tisch	 kleid	18.417348861694336
Floete	 flöte	11.659013748168945
kommode	 Kommode	18.10058307647705
Fuß	 auge	14.413252353668213
Fabrik	 Schüssel	19.63043975830078
Trommel	 drucker	16.685368537902832
Paprika	 karotte	20.40335988998413
Kaninchen	 Kaninchen	16.306608200073242
fahrrad	 Mühle	14.850614547729492
Mund	 mund	12.919971466064453
seil	 Zwiebel	14.229591369628906
banane	 apfel	16.04865264892578
banane	 auto	10.931973457336426
floete	 Harfe	13.787092685699463
stuhl	 Tisch	12.806970596313477
fuss	 Auge	14.718994140625
Wolf	 kirche	17.2417311668396
Tuba	 Tuba	15.750067710876465
fahrrad	 Muehle	16.540751775105793
locher	 trampolin	15.572951952616373
Zange	 Schraube	19.963077227274578
Bett	 sessel	15.415677547454834
Mund	 lineal	13.071582317352295
Erbse	 Tomate	18.034072875976562
erbse	 Tomate	15.899598598480225
Laster	 Laster	14.29625654220581
Fabrik	 schueßel	17.22630286216736
Erdbeere	 Kirsche	20.93311818440755
Zwiebel	 zwiebel	16.50480842590332
nase	 Gabel	14.086184024810791
Meßer	 Meßer	16.439411640167236
bohne	 paprika	15.164318561553955
bohrer	 nase	11.904938220977783
Meßer	 schueßel	13.467159986495972
schuh	 Traube	17.200178623199463
Kaninchen	 topf	14.203632354736328
regal	 schrank	15.437782287597656
traktor	 sieb	14.646382808685303
Meßer	 schüßel	11.791760563850403
Fabrik	 Fabrik	15.704508304595947
orgel	 gitarre	16.41247781117757
nase	 gabel	14.423273086547852
Brokkoli	 kartoffel	20.914247512817383
Traube	 Orange	9.266291618347168
messer	 Messer	14.813816547393799
Delphin	 Wolf	10.712745666503906
taße	 Pullover	17.739514350891113
Meßer	 schüssel	16.108461062113445
Hammer	 bohne	16.503825187683105
Ananas	 Heft	12.910967826843262
Nase	 Nase	13.789889812469482
schule	 Schule	17.267090797424316
schläger	 schlaeger	20.904138565063477
schwein	 Glas	6.640902996063232
sessel	 Seßel	17.084123611450195
Bagger	 Orange	9.010009765625
kiwi	 Birne	16.013360500335693
schrank	 Regal	18.99165439605713
Regal	 Schwein	16.804280281066895
Topf	 Topf	14.27293348312378
Traube	 Säge	14.272025108337402
Geige	 Bauch	13.654609680175781
sieb	 tasse	12.983078956604004
lampe	 hocker	15.922162532806396
Hantel	 schlaeger	23.75435447692871
Arm	 Arm	5.6206746101379395
Bagger	 Bagger	16.335296630859375
Saege	 Nagel	16.415785312652588
glas	 Sieb	14.968255519866943
hütte	 Schrank	16.52074098587036
trompete	 Klavier	18.055482864379883
Kirche	 seßel	16.87962532043457
Flöte	 birne	15.093644142150879
Radio	 Computer	9.919835090637207
Schuh	 traube	18.102063179016113
zug	 arm	9.724989891052246
floete	 harfe	12.808074474334717
Banane	 banane	15.901693344116211
schüssel	 Pfanne	16.822131156921387
schraube	 bohrer	15.897032101949057
loeffel	 Handy	9.48965835571289
Auto	 trommel	20.941349983215332
zange	 ohr	12.61242389678955
Traktor	 Traktor	15.700899124145508
Auge	 finger	12.695158004760742
spitzer	 spitzer	18.393301963806152
Schüssel	 Schueßel	14.186514854431152
taße	 loeffel	16.172531763712566
Boot	 karotte	15.704203128814697
schläger	 ball	7.9536848068237305
Schüßel	 Pfanne	18.378911018371582
fuß	 Zitrone	19.00315284729004
Apfel	 telefon	11.026312828063965
Muehle	 muehle	19.106962203979492
birne	 Ananas	12.816107273101807
brokkoli	 kartoffel	21.750102361043293
flieger	 erdbeere	19.947293599446613
schüßel	 Schuessel	20.86085319519043
ball	 harfe	13.26673173904419
Klarinette	 Gitarre	17.256291389465332
bauch	 fuss	12.867840766906738
meßer	 Schueßel	14.997596979141235
ball	 hantel	12.872148513793945
fuss	 fuß	12.2787504196167
Kaninchen	 Hirsch	16.57670497894287
traube	 säge	14.50111722946167
wolf	 Wolf	6.373802185058594
Bein	 Ohr	15.06220293045044
klavier	 Ball	9.189444541931152
Gabel	 Gabel	15.22071123123169
Stuhl	 Tisch	11.23206090927124
Zange	 schraube	19.578846613566082
Fuß	 Auge	15.486819744110107
Zug	 arm	10.433151245117188
Karotte	 Zwiebel	17.802940050760906
erdbeere	 Seil	13.33943796157837
seßel	 sessel	15.746338844299316
bein	 Ohr	12.009399890899658
Kleid	 hose	7.835348606109619
messer	 Schueßel	16.549626350402832
Lineal	 kartoffel	17.615761121114094
Schläger	 wolf	9.429901123046875
Fabrik	 schuessel	19.420352300008137
mund	 Mund	5.402766704559326
Pilz	 Pilz	18.625003814697266
ohr	 Ohr	13.03475570678711
Zwiebel	 Zwiebel	16.486585299173992
zitrone	 zitrone	19.974522590637207
löffel	 Löffel	17.926490147908527
bus	 Trompete	20.17099952697754
Fabrik	 schüssel	18.40139643351237
tuba	 kirsche	15.227823257446289
schlaeger	 ball	11.761582374572754
Messer	 meßer	14.804786682128906
Banane	 apfel	16.44267177581787
hammer	 Säge	13.027025699615479
gabel	 Topf	14.051798343658447
auto	 Trommel	18.21485710144043
Orange	 zitrone	19.44527244567871
traube	 saege	16.902726491292317
Pullover	 Schuh	15.483508586883545
triangel	 orgel	14.26228952407837
Knie	 Bauch	13.079821109771729
karotte	 schuh	16.450839042663574
Saege	 saege	16.811251958211262
kirche	 Muehle	17.11457093556722
mühle	 bett	15.053714275360107
kaninchen	 Hirsch	15.372667789459229
Gabel	 gabel	14.510229110717773
bohrer	 zange	14.467974662780762
säge	 saege	17.52581850687663
karotte	 zwiebel	18.577022234598797
Stift	 stift	13.251834392547607
Fuß	 fuß	11.813143253326416
Schüssel	 Schüssel	17.57422987620036
schüßel	 Schueßel	16.55508065223694
Ameise	 sofa	8.035759925842285
Fernseher	 Tomate	11.711651086807251
schüssel	 pfanne	18.530134677886963
Bett	 bett	13.648565292358398
triangel	 triangel	15.295645236968994
zitrone	 Zitrone	20.80835469563802
Kirche	 kirche	16.35198736190796
Hütte	 Schrank	17.34024429321289
Locher	 Trampolin	16.543470700581867
Heft	 heft	12.881762981414795
ohr	 Arm	11.085005760192871
säge	 gitarre	18.91351254781087
Saege	 nagel	12.695944786071777
telefon	 telefon	2.2710258960723877
Sofa	 sofa	5.1895270347595215
Taße	 loeffel	16.845439592997234
lineal	 lineal	9.867173194885254
meßer	 Messer	10.67590618133545
Harfe	 Harfe	14.815779685974121
zange	 zange	14.359739780426025
Gurke	 Gurke	14.243245601654053
fahrrad	 Fahrrad	17.449230194091797
Flöte	 floete	15.650269508361816
saege	 säge	12.318765640258789
Trompete	 Kiwi	11.110509395599365
glas	 Orgel	17.40657329559326
Nase	 Gabel	15.172708511352539
nase	 Bein	13.374260425567627
bett	 bett	11.619405031204224
bagger	 Laster	13.551352500915527
Schuessel	 Pfanne	17.561857223510742
zwiebel	 pilz	12.323001384735107
Gurke	 Flöte	16.016817728678387
Locher	 locher	14.084579467773438
Seßel	 seßel	14.78209114074707
Trompete	 kiwi	12.59036111831665
tasse	 taße	11.388429641723633
Bein	 ohr	12.555944919586182
muehle	 bett	15.322619915008545
Klarinette	 gitarre	15.705901781717936
Kegel	 Kegel	16.434823354085285
Hose	 bohrer	13.584175745646158
tuba	 Geige	16.421257972717285
Hütte	 schrank	15.116039752960205
trommel	 floete	15.726785659790039
Harfe	 trompete	17.240387598673504
Handy	 handy	3.5388247966766357
tomate	 brokkoli	19.47472890218099
kaninchen	 Kaninchen	17.84444586435954
tasse	 tasse	13.335102319717407
schüssel	 hantel	13.799777030944824
Bagger	 bagger	11.09494161605835
hütte	 schrank	15.924314498901367
laster	 Taße	13.665875911712646
Fernseher	 Drucker	15.748898983001709
Huette	 schule	16.22286081314087
muehle	 Fabrik	15.344927310943604
Huette	 Schule	17.517984867095947
floete	 floete	17.990081787109375
gitarre	 fuß	16.42914056777954
katze	 lampe	18.853127002716064
Drucker	 telefon	9.561685562133789
topf	 topf	11.521674871444702
Traube	 Traube	21.177635192871094
Seßel	 Kommode	16.088202476501465
hütte	 schule	17.218144416809082
zitrone	 Radio	9.808684349060059
sessel	 Kommode	17.587327003479004
Bauch	 Bauch	15.667816162109375
trampolin	 Trampolin	20.180945714314777
Trommel	 Drucker	17.6782283782959
kirsche	 Birne	16.984783172607422
Gabel	 topf	14.291845798492432
Tasse	 pullover	17.11608123779297
telefon	 Fernseher	17.678112983703613
Bauch	 bauch	14.905931949615479
flieger	 Boot	11.264214515686035
Birne	 birne	11.469249486923218
Sieb	 sieb	15.020331859588623
meßer	 Stuhl	14.662223815917969
knie	 bauch	12.731462955474854
Hut	 Hut	1.8942092657089233
Flieger	 erdbeere	18.315017700195312
harfe	 Trompete	18.04837417602539
fuß	 auge	14.09514856338501
regal	 Schrank	14.606841087341309
Flöte	 Harfe	17.599480628967285
radio	 computer	8.936029434204102
Zug	 Arm	11.624771118164062
huette	 schule	16.799692153930664
Finger	 knie	15.975299835205078
schule	 teller	14.17032527923584
geige	 Triangel	13.870964050292969
Lineal	 spitzer	16.203012943267822
Geige	 triangel	14.650310516357422
lampe	 Hocker	16.734063625335693
Zitrone	 Radio	10.250344276428223
traktor	 bagger	11.740635395050049
schüßel	 schüßel	13.362839937210083
Laster	 taße	11.433965682983398
Gabel	 Topf	14.960873126983643
Muehle	 fabrik	15.711689472198486
bauch	 fuß	13.53855848312378
hut	 Tuba	12.297417163848877
Auge	 Auge	15.917335033416748
schlaeger	 Schläger	18.102524757385254
Telefon	 fernseher	18.651362737019856
Handy	 Radio	10.28692626953125
Pilz	 Burg	11.34139347076416
Schrank	 Regal	20.508566856384277
Stuhl	 tisch	11.340306282043457
drucker	 telefon	8.337807655334473
Nase	 bein	12.70010757446289
Hammer	 saege	14.446414947509766
Schule	 teller	12.527667999267578
knie	 Bauch	12.966856479644775
auto	 Fahrrad	16.223302205403645
pfanne	 gabel	13.86380910873413
gurke	 floete	16.26344108581543
schule	 Burg	12.196529388427734
kegel	 Hocker	15.746888637542725
schüssel	 schüssel	16.829044977823894
bauch	 Bauch	17.349770545959473
hütte	 Hütte	18.00077788035075
burg	 kegel	12.575305938720703
zwiebel	 zwiebel	16.675965627034504
schüssel	 Schuessel	21.03514289855957
Pilz	 burg	14.461752891540527
schuh	 Hut	9.932357788085938
Handy	 Laster	13.714010238647461
messer	 Schuessel	23.783989588419598
heft	 heft	14.995590686798096
schlaeger	 schlaeger	22.011041323343914
Pullover	 Pullover	20.32606792449951
Bohrer	 Nase	13.203038215637207
Wolf	 Schaf	16.301708698272705
löffel	 handy	7.395267963409424
Locher	 stift	17.27605962753296
Heft	 Lineal	12.285818576812744
Taße	 Löffel	16.23276933034261
Burg	 Hütte	19.301235834757488
schule	 schule	16.4075984954834
zwiebel	 Zwiebel	18.811111132303875
Auto	 Auto	5.894754886627197
lampe	 lampe	16.489262580871582
Stift	 radierer	13.25518544514974
bohrer	 Nase	11.910147190093994
teller	 Teller	17.56748056411743
Triangel	 orgel	17.037590503692627
Lineal	 Kartoffel	18.621817588806152
saege	 Nagel	14.321143627166748
Ananas	 Banane	14.039122104644775
Wolf	 schaf	14.472095489501953
Glas	 Glas	3.376765727996826
Kirsche	 Boot	9.586716651916504
Schueßel	 Schüssel	18.166160583496094
finger	 finger	3.3633029460906982
fuß	 Auge	14.077614784240723
Seil	 seil	11.421769142150879
Sofa	 lampe	17.596464157104492
fernseher	 Tomate	11.171642303466797
lampe	 knie	15.824684143066406
Bohrer	 bohrer	14.677310307820639
finger	 Finger	6.842719554901123
Ameise	 Ameise	18.708594004313152
Schüßel	 schueßel	14.769349575042725
Boot	 traktor	16.063988367716473
messer	 meßer	16.225290775299072
Schläger	 Schlaeger	21.734846115112305
säge	 nagel	16.44437074661255
Hütte	 Huette	15.824721813201904
Schlaeger	 schlaeger	21.54394467671712
bluse	 Bluse	15.611882209777832
Trommel	 flöte	15.481727600097656
sieb	 Sieb	15.84642505645752
Seil	 Kegel	14.818231582641602
Kirsche	 boot	10.714054107666016
bauch	 Fuß	5.6258392333984375
Birne	 Roller	10.662044525146484
Schüßel	 hantel	12.854872067769369
Zitrone	 erdbeere	18.9853998819987
Taße	 taße	12.396820068359375
Schuessel	 Hantel	15.019736925760904
Paprika	 Karotte	18.75268840789795
Radierer	 radierer	14.850289662679037
hut	 Hut	3.272231101989746
Radierer	 locher	14.883004188537598
Paprika	 paprika	16.295047283172607
flöte	 Birne	17.466890811920166
Orgel	 Orgel	17.927224159240723
trommel	 Flöte	16.691251754760742
Stift	 Paprika	17.39594268798828
telefon	 Delphin	15.54032039642334
Schwein	 Schwein	14.897127151489258
Hirsch	 Apfel	16.208016395568848
floete	 Floete	19.036059379577637
schuessel	 schüssel	19.01181411743164
stift	 radierer	15.06489340464274
kiwi	 kiwi	12.078434467315674
stuhl	 Stuhl	15.49663782119751
schüßel	 Hantel	14.218259493509928
Schüssel	 Hantel	14.266815185546875
orange	 Hammer	8.873028755187988
bohrer	 Zange	14.304511070251465
Ohr	 ohr	13.104457378387451
schüßel	 schueßel	14.912771224975586
auto	 fahrrad	14.639036178588867
Trommel	 floete	17.114251136779785
Fabrik	 Kirche	17.694366455078125
Messer	 Meßer	16.70222282409668
seßel	 Kommode	15.275039196014404
bus	 zug	10.60562801361084
Orgel	 Pilz	13.04035758972168
roller	 Fernseher	14.576639493306478
trommel	 trommel	20.366334915161133
Muehle	 mühle	11.446073214213053
hirsch	 Apfel	14.30406379699707
Huette	 hütte	17.7937224706014
Meßer	 schuessel	18.442208607991535
hose	 Bohrer	15.604412078857422
pilz	 Pilz	21.20786762237549
Drucker	 brokkoli	15.402958234151205
Knie	 Robbe	11.469350337982178
Zug	 zug	4.338518142700195
pullover	 schuh	17.9382905960083
fuss	 zitrone	19.0301300684611
Fahrrad	 Mühle	15.357442855834961
kirsche	 birne	18.24249267578125
Bluse	 erbse	18.164111137390137
hantel	 Schlaeger	21.32854970296224
Kegel	 trampolin	15.348483403523764
burg	 huette	14.954866409301758
Gitarre	 Fuß	10.609406471252441
Schrank	 schrank	14.838855266571045
robbe	 schule	17.255130290985107
Kirsche	 Traube	18.65166139602661
kommode	 Stuhl	15.148801803588867
Kegel	 hocker	16.013601779937744
Stuhl	 Stuhl	14.130808353424072
Schuessel	 schüssel	17.29210090637207
Hirsch	 delphin	15.366729736328125
robbe	 Schule	15.621199607849121
ananas	 Ananas	12.812627792358398
Lampe	 knie	16.516453742980957
Schläger	 schläger	19.04614766438802
Schlaeger	 Schlaeger	22.39048671722412
Topf	 topf	13.859161376953125
taße	 Loeffel	16.72671667734782
meßer	 Schuessel	19.837600072224934
messer	 schuessel	23.733543395996094
sieb	 sieb	15.874066352844238
Schueßel	 hantel	12.89337158203125
trampolin	 Seil	14.432010650634766
Zange	 zange	14.652754306793213
Arm	 Gurke	13.363304615020752
Schuh	 schuh	14.990468978881836
Laster	 flieger	14.169824600219727
Bohne	 radierer	12.80809497833252
schule	 burg	12.233049392700195
Kirche	 Seßel	20.0143305460612
Schlaeger	 wolf	8.85786247253418
flieger	 Flieger	18.3186772664388
hantel	 hantel	14.493483225504557
Kleid	 fabrik	16.986692428588867
messer	 Stuhl	14.468868255615234
Auge	 Finger	12.06977653503418
flöte	 birne	16.295575618743896
Karotte	 schuh	17.246623039245605
Radio	 hut	9.239181518554688
Bauch	 locher	16.658556938171387
Schüssel	 pfanne	19.575037956237793
delphin	 messer	11.763914108276367
zwiebel	 Flieger	14.532565116882324
Tisch	 Tisch	14.052081108093262
Tasse	 Taße	11.116365432739258
tomate	 tomate	15.592714309692383
Schule	 schule	16.207431316375732
hut	 hut	2.0399701595306396
Lampe	 lampe	14.491239070892334
kaninchen	 kaninchen	17.715478897094727
Bus	 Trompete	21.684656143188477
Schuessel	 schuessel	19.12515385945638
Huette	 schrank	15.78039836883545
schuessel	 Pfanne	16.805867671966553
ziege	 Stift	14.041111946105957
Seil	 Zwiebel	14.45995299021403
geige	 geige	16.90285873413086
Triangel	 Ameise	18.565771102905273
zug	 auto	9.160228729248047
tisch	 Tisch	12.461389064788818
arm	 Mund	15.834567070007324
Brokkoli	 Schraube	23.45086924235026
tasse	 löffel	15.635058403015137
bagger	 laster	10.985735416412354
Wolf	 wolf	4.674671173095703
fuss	 Fuss	14.978437900543213
zange	 Ohr	11.997646808624268
Schueßel	 Schueßel	16.464053630828857
Regal	 regal	17.342604160308838
Trommel	 trommel	17.83960723876953
stift	 stift	14.080236911773682
Pfanne	 Banane	15.350687503814697
burg	 burg	4.471243858337402
Knie	 robbe	12.999300956726074
ohr	 kommode	14.934370040893555
fuss	 fuss	3.322495698928833
Pullover	 Computer	10.319302558898926
huette	 Huette	17.89454460144043
kaninchen	 Topf	13.917981624603271
Gitarre	 Fuss	15.733656883239746
schüssel	 Hantel	13.533705711364746
hammer	 Saege	10.031674067179361
Meßer	 Messer	11.153304100036621
Hütte	 huette	16.233736038208008
Topf	 ananas	13.195051670074463
bagger	 orange	8.51905632019043
schueßel	 Schuessel	19.99674638112386
arm	 gurke	10.614202499389648
Delphin	 wolf	11.878473281860352
muehle	 Bett	10.858436584472656
Pilz	 Bohne	18.518938064575195
bagger	 Orange	8.290517807006836
schüßel	 Pfanne	17.972481727600098
gabel	 topf	11.59950566291809
Loeffel	 Handy	10.867445945739746
geige	 Geige	17.849066734313965
Schueßel	 schuessel	19.145680745442707
hose	 bluse	12.60003662109375
flieger	 Erdbeere	14.10965379079183
Bluse	 Erbse	14.96373462677002
loeffel	 löffel	16.0614652633667
flöte	 flöte	14.435571352640787
Meßer	 stuhl	17.05616807937622
Hammer	 hammer	3.7300007343292236
Ananas	 Ananas	16.883127212524414
Ohr	 arm	11.266050338745117
hammer	 bohne	16.69769287109375
Bus	 Bus	2.777801752090454
zange	 Zange	15.93366289138794
Nagel	 Ziege	12.719673792521158
Schraube	 Schraube	21.519189198811848
Schuessel	 Schüßel	14.647943496704102
Ohr	 kommode	17.920037269592285
Tuba	 Kirsche	15.311696370442709
lineal	 Kartoffel	19.117786089579266
Computer	 Huette	14.996344089508057
sofa	 Triangel	16.0714430809021
Schraube	 bohrer	15.428033510843912
radio	 hut	9.398788452148438
Erdbeere	 kirsche	20.941808064778645
Computer	 computer	5.331209182739258
ameise	 ameise	18.86939271291097
seil	 kegel	13.51493787765503
computer	 Hütte	17.061938603719074
Hütte	 Schule	19.568525314331055
karotte	 Schuh	14.802576541900635
Hantel	 Schläger	17.736765543619793
pfanne	 Banane	15.147564888000488
stift	 Stift	14.285213470458984
Auto	 Trommel	20.56019401550293
arm	 arm	2.4799623489379883
seil	 seil	13.12615966796875
fahrrad	 fahrrad	15.796140909194946
Schule	 Teller	16.506927013397217
regal	 Schwein	15.96776008605957
Erbse	 erbse	16.636016368865967
Zug	 Zug	4.036818504333496
Schueßel	 Hantel	14.425448417663574
Erbse	 mund	17.01262855529785
burg	 Hütte	16.97599697113037
Bauch	 Locher	12.574782371520996
fuss	 Fuß	5.804713726043701
paprika	 Paprika	22.04397201538086
tasse	 Loeffel	16.756177584330242
Traube	 saege	18.005342483520508
Pilz	 bohne	17.767547607421875
zwiebel	 Pilz	11.484128952026367
sofa	 triangel	14.912487983703613
auge	 finger	10.393891334533691
löffel	 Handy	8.641151428222656
Stift	 Stift	15.013478755950928
Ball	 ball	9.475600242614746
Paprika	 Regal	15.489908695220947
Auge	 auge	13.815766334533691
Ananas	 ananas	13.877875804901123
Schwein	 Glas	6.864202499389648
Kirche	 mühle	12.798554420471191
stuhl	 tisch	12.114692211151123
roller	 Bus	12.054784774780273
Gitarre	 fuss	16.052715301513672
kommode	 Bein	18.351101875305176
arm	 Gurke	12.476529598236084
tasse	 loeffel	15.262571652730307
Löffel	 handy	9.806686401367188
kirche	 Sessel	17.980013847351074
Mund	 Lineal	13.107018947601318
gurke	 Gurke	15.764287948608398
säge	 Nagel	16.201550006866455
Taße	 Taße	15.387689590454102
auto	 trommel	19.519878387451172
Auto	 fahrrad	15.980964660644531
Ziege	 Stift	14.288196086883545
computer	 hütte	17.34087594350179
hütte	 Huette	15.997211933135986
Tasse	 löffel	16.834027926127117
triangel	 ameise	20.048460960388184
Floete	 floete	15.599982738494873
Schuessel	 pfanne	16.91856050491333
Bagger	 laster	10.989826440811157
zug	 Auto	8.975186347961426
Orgel	 pilz	13.219909191131592
Fuss	 auge	14.817444324493408
Schule	 Schule	18.56591510772705
Schaf	 schaf	15.552157402038574
Erdbeere	 Erdbeere	15.813857714335123
Schläger	 ball	8.960306167602539
Ananas	 heft	14.195685863494873
Apfel	 apfel	15.183415412902832
bohne	 Radierer	11.72479248046875
kirsche	 Kirsche	18.588851928710938
robbe	 Ameise	17.905193010965984
Stift	 paprika	16.209431171417236
teller	 glas	10.15954065322876
seßel	 Seßel	20.24421564737956
Floete	 birne	15.157266616821289
Messer	 Schuessel	22.868777592976887
schüssel	 schüßel	13.194672226905823
Schüssel	 schüssel	19.20907211303711
karotte	 karotte	20.69446849822998
Floete	 Floete	17.85754919052124
Huette	 Huette	18.267001152038574
Schüssel	 schüßel	15.008267164230347
Taße	 Loeffel	17.514673550923664
Bohrer	 Zange	16.0338454246521
Pullover	 computer	11.522795677185059
paprika	 regal	16.682043075561523
mühle	 muehle	21.60581398010254
Löffel	 teller	13.18004560470581
ohr	 Kommode	14.324264526367188
Kartoffel	 schlaeger	24.40595245361328
radierer	 Löffel	16.92863941192627
boot	 karotte	16.477825164794922
robbe	 Robbe	12.962860107421875
Seßel	 Sessel	15.917829036712646
bein	 Pfanne	16.035081386566162
Radio	 Radio	2.5375890731811523
kleid	 fabrik	15.474508285522461
floete	 flöte	11.794032255808512
heft	 Heft	16.769834995269775
klavier	 klavier	19.67207145690918
Mühle	 Mühle	15.199999491373697
pullover	 Schuh	15.258779525756836
Hose	 Bluse	15.382179260253906
fuß	 zitrone	19.244584719340008
Boot	 Karotte	17.435155868530273
Burg	 Kegel	19.21692721048991
sieb	 Taße	14.248870372772217
nagel	 Ziege	12.45874818166097
Schlaeger	 schläger	15.717657407124838
birne	 Roller	11.264941215515137
Seßel	 Seßel	18.341547966003418
pullover	 pullover	18.217758178710938
Trampolin	 katze	15.476694107055664
bett	 seßel	16.188732782999676
Sofa	 triangel	14.706192970275879
radierer	 Radierer	15.084308942159018
Kirche	 Mühle	15.359054883321127
Drucker	 Brokkoli	14.537707964579264
bluse	 kleid	20.60863494873047
Schüßel	 Schueßel	15.860466480255127
Glas	 Sieb	14.846299648284912
traktor	 traktor	14.47529665629069
taße	 pullover	16.475053787231445
Bus	 zug	10.608658790588379
hütte	 huette	14.508411407470703
Hocker	 geige	15.18598461151123
mühle	 Bett	9.264376640319824
fahrrad	 mühle	14.635704040527344
Muehle	 Muehle	14.830779393513998
Orgel	 gitarre	16.650638262430828
kirche	 seßel	18.963062286376953
laster	 Flieger	13.88832918802897
triangel	 Triangel	17.611977577209473
locher	 locher	16.334208488464355
schlaeger	 Wolf	8.059714317321777
arm	 Arm	7.725363731384277
Laster	 laster	12.53249454498291
Loeffel	 Teller	15.67411184310913
Drucker	 Telefon	8.156742095947266
zug	 zug	4.242516994476318
Fuss	 Fuss	17.19095230102539
traktor	 Traktor	18.954410870869953
schueßel	 Schüssel	18.27237097422282
Laster	 tasse	15.931167602539062
huette	 Schule	17.350903511047363
bauch	 bauch	15.270875930786133
klavier	 Klavier	23.66273307800293
Telefon	 telefon	5.338171482086182
Floete	 harfe	11.4572172164917
Seil	 kegel	11.971582889556885
nagel	 hammer	7.667479038238525
Birne	 roller	10.133417129516602
lineal	 Lineal	12.893234729766846
kartoffel	 Kartoffel	20.57352129618327
schraube	 Schraube	21.723816871643066
Schueßel	 Pfanne	18.183918952941895
Ohr	 Arm	13.765463829040527
delphin	 Messer	11.794894218444824
tisch	 Kleid	16.945768356323242
kirsche	 traube	20.855566024780273
kirche	 Kirche	18.27646255493164
Hütte	 Hütte	18.736117998758953
Kartoffel	 Kartoffel	17.86973826090495
Burg	 kegel	13.104420185089111
schuessel	 schüßel	13.70707631111145
mund	 lineal	12.121078491210938
Katze	 katze	12.65562915802002
Bohrer	 Bohrer	18.41180992126465
Radio	 Hut	13.344576835632324
laster	 taße	12.447948455810547
nase	 nase	14.243361473083496
klavier	 ball	9.682233810424805
stuhl	 bus	16.5743350982666
spitzer	 Spitzer	21.834129333496094
